CONSTRUCCIÓN,ABENGOA
CONSTRUCCIÓN,ACCIONA
CONSTRUCCIÓN,ACS
CONSTRUCCIÓN,CLEOP
CONSTRUCCIÓN,FCC
CONSTRUCCIÓN,GRUPO EZENTIS
CONSTRUCCIÓN,GRUPO FERROVIAL
CONSTRUCCIÓN,OHL
OTROS,AGROFRUSE
OTROS,ALMIRALL
OTROS,AMCI HABITAT
OTROS,AMPER
OTROS,APPLUS
OTROS,BANCO CAM
OTROS,BAVIERA
OTROS,BYADA
OTROS,"CAIXA TERRASSA, SPP"
OTROS,CAJA DUERO CAPITAL
OTROS,"CAJASUR BANCO, S.A."
OTROS,CARTERA INDUSTRIAL REA (General)
OTROS,CARTERA INDUSTRIAL REA (Sociedades crédito)
OTROS,CELLNEX TELECOM
OTROS,CIRCULO DE VALORES (General)
OTROS,CIRCULO DE VALORES (Sociedades crédito)
OTROS,CODERE
OTROS,CORP. FINANCIERA ALBA
OTROS,CORPORACION DERMOESTETICA
OTROS,CRITERIA
OTROS,DEMOSA
OTROS,DIA
OTROS,ECOLUMBER
OTROS,ELECNOR
OTROS,EXIDE
OTROS,FLUIDRA
OTROS,FUNESPAÑA
OTROS,GAM
OTROS,GAMESA CORPORACION TECNOLOGICA
OTROS,HISPANA HOLDING
OTROS,HISPANIA ACTIVOS
OTROS,INDO
OTROS,INDRA SISTEMAS
OTROS,INMOFIBAN
OTROS,INTERNATIONAL CONSOLIDATED AIRLINES
OTROS,INYPSA INFORMES Y PROYECTOS
OTROS,MELIA
OTROS,MERLIN
OTROS,MONESA (General)
OTROS,MONESA (Sociedades crédito)
OTROS,MONTEBALITO
OTROS,NH HOTEL
OTROS,NOVA CAIXA GALICIA
OTROS,POPULARINSA
OTROS,PRIM
OTROS,PROSEGUR
OTROS,REPSOL
OTROS,RUSTICAS
OTROS,SAETA YIELD
OTROS,SANTANDER INTERNATIONAL PREFERRED
OTROS,SEPI
OTROS,SERVICE POINT SOLUTIONS
OTROS,TALGO
OTROS,TECNICAS REUNIDAS
OTROS,TELE PIZZA
OTROS,TPI
OTROS,TR.JARDIN.MAR
OTROS,U. EUROPEA INV. (General)
OTROS,U. EUROPEA INV. (Sociedades crédito)
OTROS,UNCAVASA (General)
OTROS,UNCAVASA (Sociedades crédito)
OTROS,URBAR INGENIEROS
OTROS,ZELTIA
OTROS,ZINKIA.ENT
INMOBILIARIAS,AHORRO FAMILIAR
INMOBILIARIAS,ALCINVER
INMOBILIARIAS,ALZA (General)
INMOBILIARIAS,ALZA (Sociedades crédito)
INMOBILIARIAS,AXIA
INMOBILIARIAS,AYCO
INMOBILIARIAS,CALPE INVEST
INMOBILIARIAS,CEVASA
INMOBILIARIAS,CINSA
INMOBILIARIAS,FADESA
INMOBILIARIAS,FERGO AISA
INMOBILIARIAS,FINANZAS E INVERSIONES VALENCIANAS
INMOBILIARIAS,FORUM CISNEROS
INMOBILIARIAS,I. DEL SUR
INMOBILIARIAS,"INM.COLONIAL, S.A."
INMOBILIARIAS,INMO DEALER
INMOBILIARIAS,INMOBILIARIA COLONIAL
INMOBILIARIAS,INMOCAHISPA
INMOBILIARIAS,INMOLEVANTE
INMOBILIARIAS,INVERPYME SCR DE REG COMUN (General)
INMOBILIARIAS,INVERPYME SCR DE REG COMUN (Sociedades crédito)
INMOBILIARIAS,LAR ESPAÑA
INMOBILIARIAS,LEUCAN
INMOBILIARIAS,LIBERTAS 7
INMOBILIARIAS,MARTINSA-FADESA
INMOBILIARIAS,METROVACESA
INMOBILIARIAS,PARQUESOL
INMOBILIARIAS,PLARREGA INVEST 2000
INMOBILIARIAS,PROCISA
INMOBILIARIAS,QUABIT
INMOBILIARIAS,REALIA
INMOBILIARIAS,RENTA CORPORACION REAL ESTATE
INMOBILIARIAS,REYAL URBIS
INMOBILIARIAS,RIOFISA
INMOBILIARIAS,SACYR
INMOBILIARIAS,SAN JOSE
INMOBILIARIAS,SAPLAYA
INMOBILIARIAS,SARONSA
INMOBILIARIAS,SOTOGRANDE
INMOBILIARIAS,TESTA INMUEBLES
INMOBILIARIAS,URBAS
INMOBILIARIAS,URBIS
INMOBILIARIAS,VALENCIANA DE NEGOCIOS (General)
INMOBILIARIAS,VALENCIANA DE NEGOCIOS (Sociedades crédito)
QUÍMICAS,ERCROS
QUÍMICAS,FAES
QUÍMICAS,GRIFOLS
QUÍMICAS,LA SEDA
QUÍMICAS,LABORATORIOS ROVI
QUÍMICAS,REIG JOFRE
QUÍMICAS,SNIACE
SEGUROS Y OTRAS INTERMEDIACIONES FINANCIERAS,BANCAJA CAPITAL
SEGUROS Y OTRAS INTERMEDIACIONES FINANCIERAS,BANCAJA EMISIONES
SEGUROS Y OTRAS INTERMEDIACIONES FINANCIERAS,BANCAJA EUROCAPITAL
SEGUROS Y OTRAS INTERMEDIACIONES FINANCIERAS,BANKINTER EMISIONES
SEGUROS Y OTRAS INTERMEDIACIONES FINANCIERAS,BARCINO (General)
SEGUROS Y OTRAS INTERMEDIACIONES FINANCIERAS,BARCINO (Sociedades crédito)
SEGUROS Y OTRAS INTERMEDIACIONES FINANCIERAS,BBVA CAPITAL FINANCE
SEGUROS Y OTRAS INTERMEDIACIONES FINANCIERAS,BBVA INTERNATIONAL
SEGUROS Y OTRAS INTERMEDIACIONES FINANCIERAS,BOLSAS Y MERCADOS ESPAÑOLES
SEGUROS Y OTRAS INTERMEDIACIONES FINANCIERAS,BPE FINANCIACIONES
SEGUROS Y OTRAS INTERMEDIACIONES FINANCIERAS,CA.MANRESA.PREF
SEGUROS Y OTRAS INTERMEDIACIONES FINANCIERAS,CAIXA DE MANLLEU PREFERENTS
SEGUROS Y OTRAS INTERMEDIACIONES FINANCIERAS,"CAIXANOVA EMISIONES, S.A."
SEGUROS Y OTRAS INTERMEDIACIONES FINANCIERAS,CAIXASABADELL PREFERENTS
SEGUROS Y OTRAS INTERMEDIACIONES FINANCIERAS,CAJA DE AVILA PREFERENTES
SEGUROS Y OTRAS INTERMEDIACIONES FINANCIERAS,"CAJA ESPAÑA DE INVERSIONES, SPP, S.A."
SEGUROS Y OTRAS INTERMEDIACIONES FINANCIERAS,CAJA MADRID FINANCE
SEGUROS Y OTRAS INTERMEDIACIONES FINANCIERAS,CAJA RIOJA PREFERENTES
SEGUROS Y OTRAS INTERMEDIACIONES FINANCIERAS,CAJAGRANADA PREFERENTES
SEGUROS Y OTRAS INTERMEDIACIONES FINANCIERAS,"CAJAMURCIA FINANCE, S.A."
SEGUROS Y OTRAS INTERMEDIACIONES FINANCIERAS,CAJAMURCIA PREFERENTES
SEGUROS Y OTRAS INTERMEDIACIONES FINANCIERAS,CAJASOL PARTICIPACIONES PREFERENTES
SEGUROS Y OTRAS INTERMEDIACIONES FINANCIERAS,CAJASUR SPP
SEGUROS Y OTRAS INTERMEDIACIONES FINANCIERAS,CATALANA OCCIDENTE
SEGUROS Y OTRAS INTERMEDIACIONES FINANCIERAS,"CCM DE PARTICIPACIONES PREFERENTES, SA."
SEGUROS Y OTRAS INTERMEDIACIONES FINANCIERAS,EL MONTE PARTICIPACIONES PREFERENTES
SEGUROS Y OTRAS INTERMEDIACIONES FINANCIERAS,EMISORA SANTANDER ESPAÑA
SEGUROS Y OTRAS INTERMEDIACIONES FINANCIERAS,ENDESA CAPITAL FINANCE
SEGUROS Y OTRAS INTERMEDIACIONES FINANCIERAS,GUIPUZCOANO CAPITAL
SEGUROS Y OTRAS INTERMEDIACIONES FINANCIERAS,I.C.O.
SEGUROS Y OTRAS INTERMEDIACIONES FINANCIERAS,INVERFIATC
SEGUROS Y OTRAS INTERMEDIACIONES FINANCIERAS,INVERSIONES AZALBA
SEGUROS Y OTRAS INTERMEDIACIONES FINANCIERAS,KUTXABANK EMPRESTITOS
SEGUROS Y OTRAS INTERMEDIACIONES FINANCIERAS,"LA CAJA DE CANARIAS PREFERENTES, S.A."
SEGUROS Y OTRAS INTERMEDIACIONES FINANCIERAS,LEHMAN BROTHERS
SEGUROS Y OTRAS INTERMEDIACIONES FINANCIERAS,MAPFRE
SEGUROS Y OTRAS INTERMEDIACIONES FINANCIERAS,N+1 (General)
SEGUROS Y OTRAS INTERMEDIACIONES FINANCIERAS,N+1 (Sociedades crédito)
SEGUROS Y OTRAS INTERMEDIACIONES FINANCIERAS,"PASTOR PARTICIPACIONES PREFERENTES, S.A."
SEGUROS Y OTRAS INTERMEDIACIONES FINANCIERAS,SANTANDER EMISORA 150
SEGUROS Y OTRAS INTERMEDIACIONES FINANCIERAS,"SANTANDER FINANCE CAPITAL, S.A."
SEGUROS Y OTRAS INTERMEDIACIONES FINANCIERAS,SOL MELIA FINANCIE
SEGUROS Y OTRAS INTERMEDIACIONES FINANCIERAS,VIDACAIXA
PETROLEO,CEPSA
TEXTIL Y PAPELERAS,ADOLFO DOMINGUEZ
TEXTIL Y PAPELERAS,ADVEO
TEXTIL Y PAPELERAS,CARROGGIO
TEXTIL Y PAPELERAS,DOGI
TEXTIL Y PAPELERAS,ENCE
TEXTIL Y PAPELERAS,ESTABANELL
TEXTIL Y PAPELERAS,EUROPAC
TEXTIL Y PAPELERAS,GRUPO TAVEX
TEXTIL Y PAPELERAS,IBERPAPEL
TEXTIL Y PAPELERAS,INACSA
TEXTIL Y PAPELERAS,LIWE
TEXTIL Y PAPELERAS,MIQUEL COSTAS
TEXTIL Y PAPELERAS,RENO DE MEDICI
COMERCIO,AENA
COMERCIO,ALDEASA
COMERCIO,C L H
COMERCIO,CORTEFIEL
COMERCIO,EROSKI
COMERCIO,INDITEX
MINERIA,CELO
MINERIA,CEMENTOS PORTLAND VALDERRIVAS
MINERIA,COEMAC
MINERIA,COTO CORTES
MINERIA,HULLERA VASCO-LEONESA
MINERIA,LEMONA
MINERIA,MINERSA
MINERIA,MOLINS
MINERIA,MSP
MINERIA,VIDRALA
ALIMENTACIÓN,ALTADIS
ALIMENTACIÓN,BARON DE LEY
ALIMENTACIÓN,BIOSEARCH
ALIMENTACIÓN,BODEGAS BILBAINAS (*)
ALIMENTACIÓN,BODEGAS RIOJANAS
ALIMENTACIÓN,C.V.N.E.
ALIMENTACIÓN,CAMPOFRIO
ALIMENTACIÓN,DAMM
ALIMENTACIÓN,DEOLEO
ALIMENTACIÓN,EBRO FOODS
ALIMENTACIÓN,FEDERICO PATERNINA
ALIMENTACIÓN,INCUSA
ALIMENTACIÓN,JOAQUIM ALBERTI
ALIMENTACIÓN,NATRA
ALIMENTACIÓN,NATURHOUSE
ALIMENTACIÓN,PESCANOVA
ALIMENTACIÓN,VISCOFAN
OTRAS INDUSTRIAS MANUFACTURERAS,AIRBUS
OTRAS INDUSTRIAS MANUFACTURERAS,AZKOYEN
OTRAS INDUSTRIAS MANUFACTURERAS,CAF
OTRAS INDUSTRIAS MANUFACTURERAS,DURO FELGUERA
OTRAS INDUSTRIAS MANUFACTURERAS,ECOLUMBER
OTRAS INDUSTRIAS MANUFACTURERAS,FAGOR ELECTRODOMESTICOS
OTRAS INDUSTRIAS MANUFACTURERAS,LEFA
OTRAS INDUSTRIAS MANUFACTURERAS,NICOLAS CORREA
OTRAS INDUSTRIAS MANUFACTURERAS,TAFISA
OTRAS INDUSTRIAS MANUFACTURERAS,ZARDOYA OTIS
METAL MECÁNICA,ACERINOX
METAL MECÁNICA,ARCELOR MITTAL
METAL MECÁNICA,BEFESA
METAL MECÁNICA,CIE AUTOMOTIVE
METAL MECÁNICA,DESA
METAL MECÁNICA,ESPAÑOLA ZINC
METAL MECÁNICA,LINGOTES ESPECIALES
METAL MECÁNICA,MECALUX
METAL MECÁNICA,MITTAL
METAL MECÁNICA,NYESA
METAL MECÁNICA,TUBACEX
METAL MECÁNICA,TUBOS REUNIDOS
TRANSPORTES Y COMUNICACIONES,ABERTIS
TRANSPORTES Y COMUNICACIONES,"AMADEUS IT GROUP, S.A."
TRANSPORTES Y COMUNICACIONES,AMADEUS IT HOLDING
TRANSPORTES Y COMUNICACIONES,ATRESMEDIA
TRANSPORTES Y COMUNICACIONES,AUCALSA
TRANSPORTES Y COMUNICACIONES,AUDASA
TRANSPORTES Y COMUNICACIONES,AUDENASA
TRANSPORTES Y COMUNICACIONES,AUTOVIA DE LOS VIÑEDOS
TRANSPORTES Y COMUNICACIONES,AVASA
TRANSPORTES Y COMUNICACIONES,AZKAR
TRANSPORTES Y COMUNICACIONES,ENAGAS
TRANSPORTES Y COMUNICACIONES,EUSKALTEL
TRANSPORTES Y COMUNICACIONES,FERROVIAL
TRANSPORTES Y COMUNICACIONES,IBERIA
TRANSPORTES Y COMUNICACIONES,ITINERE
TRANSPORTES Y COMUNICACIONES,JAZZTEL
TRANSPORTES Y COMUNICACIONES,LOG
TRANSPORTES Y COMUNICACIONES,LOG
TRANSPORTES Y COMUNICACIONES,MARFLET
TRANSPORTES Y COMUNICACIONES,MEDIASET
TRANSPORTES Y COMUNICACIONES,NAVIERA MURUETA
TRANSPORTES Y COMUNICACIONES,PRISA
TRANSPORTES Y COMUNICACIONES,SOGECABLE
TRANSPORTES Y COMUNICACIONES,TECNOCOM
TRANSPORTES Y COMUNICACIONES,TELEFONICA
TRANSPORTES Y COMUNICACIONES,TELEFONICA MOVILES
TRANSPORTES Y COMUNICACIONES,VERTICE.360º
TRANSPORTES Y COMUNICACIONES,VOCENTO
TRANSPORTES Y COMUNICACIONES,VUELING
CAJAS Y COOPERATIVAS DE CREDITO,BANCAJA
CAJAS Y COOPERATIVAS DE CREDITO,C. A. I.
CAJAS Y COOPERATIVAS DE CREDITO,C.A. SANTANDER Y CANTABRIA
CAJAS Y COOPERATIVAS DE CREDITO,CAIXA DE CATALUNYA
CAJAS Y COOPERATIVAS DE CREDITO,CAIXA GIRONA
CAJAS Y COOPERATIVAS DE CREDITO,CAIXA LAIETANA
CAJAS Y COOPERATIVAS DE CREDITO,CAIXA MANLLEU
CAJAS Y COOPERATIVAS DE CREDITO,CAIXA MANRESA
CAJAS Y COOPERATIVAS DE CREDITO,CAIXA PENEDES
CAJAS Y COOPERATIVAS DE CREDITO,CAIXA SABADELL
CAJAS Y COOPERATIVAS DE CREDITO,CAIXA TARRAGONA
CAJAS Y COOPERATIVAS DE CREDITO,CAIXA TERRASSA
CAJAS Y COOPERATIVAS DE CREDITO,CAIXANOVA
CAJAS Y COOPERATIVAS DE CREDITO,CAJA BADAJOZ
CAJAS Y COOPERATIVAS DE CREDITO,CAJA CASTILLA-LA MANCHA
CAJAS Y COOPERATIVAS DE CREDITO,CAJA DE ASTURIAS
CAJAS Y COOPERATIVAS DE CREDITO,CAJA DE EXTREMADURA
CAJAS Y COOPERATIVAS DE CREDITO,CAJA DE GALICIA
CAJAS Y COOPERATIVAS DE CREDITO,CAJA DE MURCIA
CAJAS Y COOPERATIVAS DE CREDITO,CAJA DE SEGOVIA
CAJAS Y COOPERATIVAS DE CREDITO,CAJA DEL MEDITERRANEO
CAJAS Y COOPERATIVAS DE CREDITO,CAJA DUERO
CAJAS Y COOPERATIVAS DE CREDITO,CAJA ESPAÑA DE INVERSIONES
CAJAS Y COOPERATIVAS DE CREDITO,"CAJA ESPAÑA, SALAMANCA Y SORIA"
CAJAS Y COOPERATIVAS DE CREDITO,CAJA GENERAL CANARIAS
CAJAS Y COOPERATIVAS DE CREDITO,CAJA GENERAL DE GRANADA
CAJAS Y COOPERATIVAS DE CREDITO,CAJA GUADALAJARA
CAJAS Y COOPERATIVAS DE CREDITO,CAJA INSULAR CANARIAS
CAJAS Y COOPERATIVAS DE CREDITO,CAJA LABORAL POPULAR
CAJAS Y COOPERATIVAS DE CREDITO,CAJA M. DE BURGOS
CAJAS Y COOPERATIVAS DE CREDITO,CAJA MADRID
CAJAS Y COOPERATIVAS DE CREDITO,CAJA NAVARRA
CAJAS Y COOPERATIVAS DE CREDITO,CAJA ONTENIENTE
CAJAS Y COOPERATIVAS DE CREDITO,"CAJA RURAL DE CASTILLA-LA MANCHA, SOCIED"
CAJAS Y COOPERATIVAS DE CREDITO,CAJA RURAL DE NAVARRA
CAJAS Y COOPERATIVAS DE CREDITO,CAJA VITAL
CAJAS Y COOPERATIVAS DE CREDITO,CAJAMAR
CAJAS Y COOPERATIVAS DE CREDITO,CAJASUR
CAJAS Y COOPERATIVAS DE CREDITO,CATALUNYA CAIXA
CAJAS Y COOPERATIVAS DE CREDITO,EL MONTE
CAJAS Y COOPERATIVAS DE CREDITO,FUNDACION CAJASOL
CAJAS Y COOPERATIVAS DE CREDITO,IBERCAJA
CAJAS Y COOPERATIVAS DE CREDITO,LACAIXA
CAJAS Y COOPERATIVAS DE CREDITO,RURALCAJA
CAJAS Y COOPERATIVAS DE CREDITO,SA NOSTRA
CAJAS Y COOPERATIVAS DE CREDITO,UNICAJA
CAJAS Y COOPERATIVAS DE CREDITO,UNNIM
ENERGÍA Y AGUA,AGROFRUSE
ENERGÍA Y AGUA,AGUAS DE BARCELONA
ENERGÍA Y AGUA,AGUAS DE VALENCIA
ENERGÍA Y AGUA,BYADA
ENERGÍA Y AGUA,CASSA
ENERGÍA Y AGUA,CEPSA
ENERGÍA Y AGUA,EDP.RENOVAVEIS
ENERGÍA Y AGUA,ENDESA
ENERGÍA Y AGUA,FERSA ENERGIAS RENOVABLES
ENERGÍA Y AGUA,GAS NATURAL
ENERGÍA Y AGUA,HIDROELECTRICA DEL CANTABRICO
ENERGÍA Y AGUA,IBE.RENOVABLES
ENERGÍA Y AGUA,IBERDROLA
ENERGÍA Y AGUA,"MINICENTRALES DOS, S.A."
ENERGÍA Y AGUA,RED ELECTRICA
ENERGÍA Y AGUA,RUSTICAS
ENERGÍA Y AGUA,SAINT CROIX
ENERGÍA Y AGUA,SOLARIA ENERGIA Y MEDIAMBIENTE
ENERGÍA Y AGUA,UNION FENOSA
BANCOS,"ABANCA CORPORACION BANCARIA, S.A."
BANCOS,B C L
BANCOS,B. ANDALUCIA
BANCOS,B. CASTILLA
BANCOS,B. CREDITO BALEAR
BANCOS,B. GALICIA
BANCOS,B. PASTOR
BANCOS,B. POPULAR
BANCOS,B. VALENCIA
BANCOS,B. VASCONIA
BANCOS,"BANCA CIVICA, S.A."
BANCOS,BANCA MARCH
BANCOS,BANCA PUEYO
BANCOS,BANCO CASTILLA LA MANCHA
BANCOS,BANCO COOPERATIVO
BANCOS,BANCO ETCHEVERRIA
BANCOS,BANCO SABADELL
BANCOS,BANCO SANTANDER
BANCOS,BANESTO
BANCOS,BANESTO PREFERENTES
BANCOS,BANKIA SA
BANCOS,BANKINTER
BANCOS,BANKINTER SOCIEDAD DE FINANCIACION
BANCOS,BANKOA
BANCOS,"BARCLAYS BANK, S.A."
BANCOS,BBVA
BANCOS,BBVA BANCO DE FINANCIACION
BANCOS,BBVA SENIOR FINANCE
BANCOS,BCO. GUIPUZCOANO
BANCOS,BCO.CEISS
BANCOS,BCO.GALLEGO
BANCOS,BFA
BANCOS,BNP PARIBAS ARBITRAGE
BANCOS,BPE PREFERENCE INTERNATIONAL
BANCOS,BVA.PREF
BANCOS,CA.CAT.PREF
BANCOS,CAIXA GALICIA PREFERENTES
BANCOS,"CAIXA LAIETANA SPP, S.A."
BANCOS,CAIXA ONTINYENT PREFERENTS
BANCOS,"CAIXA PENEDES CAPITAL, S.A."
BANCOS,"CAIXA PREFERENCE, S.A."
BANCOS,CAIXABANK (Bancos)
BANCOS,CAIXABANK (General)
BANCOS,CAJATRES
BANCOS,CAM CAPITAL
BANCOS,CANTABRIA CAPITAL
BANCOS,CANTABRIA PREFERENTES
BANCOS,CATALUNYA BANC
BANCOS,"CCM PREFERENTES, S.A."
BANCOS,DEUTSCHE BANK SAE
BANCOS,"DEUTSCHE BANK, AG"
BANCOS,DEXIA SABADELL
BANCOS,EL MONTE CAPITAL
BANCOS,IBERCAJA BANCO
BANCOS,INCASA
BANCOS,KUTXABANK
BANCOS,LIBERBANK
BANCOS,MARE.NOSTRUM
BANCOS,MERRILL LYNCH LUXEMBOURG
BANCOS,POPULAR CAPITAL
BANCOS,PROMOBANC
BANCOS,RENTA 4 BANCO (Bancos)
BANCOS,RENTA 4 BANCO (General)
BANCOS,REPSOL INTERNATIONAL
BANCOS,SA NOSTRA SPP.
BANCOS,SABADELL INTERNATIONAL EQUITY
BANCOS,SAN SEC SERV
BANCOS,SAN.FIN.PREF.
BANCOS,SANTANDER CONSUMER FINANCE
BANCOS,SANTANDER INVESTMENT
BANCOS,SANTANDER US
BANCOS,SOCIETE GENERALE ACCEPTANCE
BANCOS,"TELEFONICA FINANCE USA, L.L.C."
BANCOS,UNICAJA BANCO
BANCOS,"UNION FENOSA FINANCIAL SERVICES USA, LL."
BANCOS,UNNIM BANC
